Name,Slug,Collection ID,Locale ID,Item ID,Archived,Draft,Created On,Updated On,Published On,Subheading,Rich Text 1,Quote 1,Quote Author,Order,Footer Indent,Popups,Footer Category,Sidebar Image,Sidebar Quote
/CONFIRM,confirm,6981bc63d15449fd5f2c2a47,6981bc63d15449fd5f2c2916,6981bc63d15449fd5f2c2b51,false,false,Tue Nov 18 2025 14:30:21 GMT+0000 (Coordinated Universal Time),Tue Nov 18 2025 16:25:17 GMT+0000 (Coordinated Universal Time),,"/confirm gives agencies instant clarity on what is holding a website back.It identifies where value is being limited and where unnecessary risk is being created.Results are factual, independent, and structured so commercial teams can act immediately.
This is focused confirmation of what matters now.","<p id="""">/confirm gives agencies instant clarity on what is holding a website back.<br>It identifies where value is being limited and where unnecessary risk is being created.<br>Results are factual, independent, and structured so commercial teams can act immediately.</p><p id="""">This is not a diagnostic sample or a free testing widget.<br>It is a focused confirmation of what matters now.</p><h2 id="""">How it works</h2><p id="""">• Enter a live URL.</p><p id="""">• /confirm produces a Scorecard with A to E grading across Value and Risk.</p><p id="""">• Site-level detail highlights what is limiting performance or creating exposure.</p><p id="""">• Results can be used instantly in conversation.</p><p id=""""><strong id="""">What the Scorecard shows</strong></p><p id="""">The Scorecard confirms performance across two dimensions: Value and Risk. These determine whether a site is helping the organisation or holding it back.</p><p id=""""> </p><p id="""">Value fundamentals</p><p id="""">Experience, SEO and Integrity</p><p id="""">These indicate where the site is limiting visibility, trust, and performance.</p><p id="""">Risk fundamentals</p><p id="""">Accessibility. Privacy, Carbon</p><p id="""">These indicate where the site is creating unnecessary exposure.</p><p id=""""> </p><p id="""">Grading that directs action</p><p id="""">A = acceptable ‘today’ // &nbsp;E = significant need</p><p id="""">Grades make it clear where action is required and where time is being wasted. They give teams a starting point to brief, prioritise, and plan.<br></p><h2 id="""">How agencies use /confirm</h2><p id="""">• Pre-meeting preparation: Arrive with clarity on what is happening and why it matters.</p><p id="""">• Pitch support: Highlight specific issues and connect them to commercial outcomes.</p><p id="""">• Lead generation: Use /confirm to open a factual conversation on need.</p><p id="""">• Lead magnet: Embed /confirm to attract and qualify interest.</p><h2 id="""">Why agencies use it</h2><p id="""">• Immediate clarity on what matters</p><p id="""">• Insight controlled by the agency, not third parties</p><p id="""">• Fast engagement with senior roles</p><p id="""">• Moves discussion from technical reporting to commercial priority</p><h2 id="""">Next step</h2><p id="""">Use /confirm to qualify one account.</p><p id="""">Use INSIGHT Vanguard to see where wider opportunity exists.</p><p id="""">‍</p>",,,12,true,,,,
AOD,aod---ai-for-agency-growth,6981bc63d15449fd5f2c2a47,6981bc63d15449fd5f2c2916,6981bc63d15449fd5f2c2b62,false,false,Tue Dec 16 2025 10:56:39 GMT+0000 (Coordinated Universal Time),Wed Dec 17 2025 15:32:36 GMT+0000 (Coordinated Universal Time),,Agency Opportunity Dashboard - at the Centre of the Agency Growth Engine.,"<p>The AOD is the point where everything comes together. It gives agencies a single, high-level view of what is happening across their client sites, allowing commercial and account teams to see opportunity and risk at the right moment. </p><p>INSIGHT highlights what is happening. ASSURANCE shows where changes matter. REMEDIATION explains what needs attention. The AOD turns all of this into a clear, portfolio wide picture.</p><p>This is where growth becomes manageable. Agencies can decide where to focus, who to contact, and what to prioritise without searching or guessing. Clients feel supported with timely, informed conversations. Agencies gain clearer routes to revenue, with evidence guiding every next step.</p>",Productised client retention and revenue growth.,"AiSC introduces a new layer of intelligence that opens doors, improves retention, and expands accounts through evidence never before available.",,false,aod-as-the-engine; agency-login; agency-dahsboard-example,Scorecard,,
AOD-old,application-aod,6981bc63d15449fd5f2c2a47,6981bc63d15449fd5f2c2916,6981bc63d15449fd5f2c2b4b,false,false,Tue Nov 18 2025 14:26:28 GMT+0000 (Coordinated Universal Time),Wed Dec 17 2025 15:32:13 GMT+0000 (Coordinated Universal Time),,"The Agency Opportunity Dashboard (AOD) is a revenue-generating service that opens corporate doors, giving agencies a credible key to the boardroom","<p id="""">The Agency Opportunity Dashboard (AOD) gives agencies and professional services teams live commercial visibility across clients and prospects.</p><p id="""">It highlights where value is being undermined or risk is rising, translating those shifts into clear, billable-day signals so account teams know exactly where to act.</p><p id="""">Agencies can use AOD immediately: armed with credible, independent evidence, not opinion, account teams can strengthen client calls, protect retainers, and uncover new opportunities.</p><p id="""">Unlike diagnostics that bury issues in long technical reports, AOD surfaces the evidence that matters, ensuring commercial teams act on it, not ignore it.</p><p id="""">Without AOD, competitors using evidence may move first. With it, your agency leads.</p><p id="""">‍</p><p id=""""><sup id="""">‘$’ squares and what this equates to (approx.) in terms of billable days to to ensure max value (or min risk) ongoing suggested additional days to maintain.<br></sup></p><p id=""""><sup id="""">One to five ‘$’, the more $ the greater the need.</sup></p>","AiSC is ready today, identifying need at scale and providing agencies with evidence they can act on straight away.",,6,true,,,,
About us,about-us,6981bc63d15449fd5f2c2a47,6981bc63d15449fd5f2c2916,6981bc63d15449fd5f2c2b78,false,false,Wed Dec 17 2025 17:12:51 GMT+0000 (Coordinated Universal Time),Tue Dec 30 2025 12:33:30 GMT+0000 (Coordinated Universal Time),,"It all started with a one-pound bet between friends - a playful challenge about making a world of difference. More than 25 years later, the online world has transformed beyond recognition. From the very beginning, our focus was on automation: using technology to tackle the challenge of delivering online experiences that are not just compliant, but optimised and truly exceptional.","<p id="""">‍<strong id="""">‍</strong>AAAnow, The Digital Confidence Company, brings together a group of long-standing brands with one clear aim: to use AI to reduce the manual effort involved in running and improving websites.</p><p id="""">We support all parts of the digital operation:</p><ul id=""""><li id="""">Executives get clear, accurate reporting.</li><li id="""">Digital teams get diagnostics and practical insight.</li><li id="""">Content owners get support to correct and improve pages quickly.</li></ul><p id="""">Our focus is helping organisations deliver the best possible online experience - faster, more compliant, and always improving.</p><p id="""">With over 25 years of experience in automation and optimisation, we’ve built systems used globally - today we remain a privately owned, independently funded business.</p><p id="""">Confidence comes from clarity and control - knowing what’s working, what’s not, and where to act. That’s exactly what we provide.</p><p id="""">That’s why we’re called The Digital Confidence Company.</p><figure id="""" class=""w-richtext-figure-type-image w-richtext-align-fullwidth"" style=""max-width:794px"" data-rt-type=""image"" data-rt-align=""fullwidth"" data-rt-max-width=""794px""><div id=""""><img src=""https://cdn.prod.website-files.com/6981bc63d15449fd5f2c293d/6981bc63d15449fd5f2c2b10_686d21d255960b1a381fc41e_52769b95da2aa6f03572746c3585ef0b_team.jpeg"" width=""auto"" height=""auto"" alt="""" loading=""auto"" id=""""></div></figure>",,,,false,our-answer; our-mission; our-principles; our-proposition; our-value; the-problem; the-vision; what-actually-matters,,https://cdn.prod.website-files.com/6981bc63d15449fd5f2c293d/6981bc63d15449fd5f2c2b11_686d20cd7435da05acf2e597_other_about_image.webp,"Hmmmm, that's a mighty fine jacket, is that a bet won?"
AiSC Commericals,aisc-commericals,6981bc63d15449fd5f2c2a47,6981bc63d15449fd5f2c2916,6981bc63d15449fd5f2c2b61,false,false,Tue Dec 16 2025 10:56:18 GMT+0000 (Coordinated Universal Time),Tue Dec 16 2025 10:59:49 GMT+0000 (Coordinated Universal Time),,"AiSC gives agencies a clear and independent way to confirm digital fundamentals across Value and Risk. It uses automation to reveal where performance is being undermined or where unnecessary risk is developing, then highlights the areas that offer the greatest commercial return when improved.","<p>This creates an immediate foundation for stronger client conversations, helping agencies remain actively involved after launch and reinforcing their position as trusted partners.</p><p>Without this clarity, agencies can unintentionally step back while competitors move into the post launch space, often capturing work that should remain within the relationship. AiSC provides a structured, evidence-led approach that helps account teams guide decisions, demonstrate ongoing value and recover revenue that is otherwise left on the table across an entire portfolio.</p><p>The screenshots on this page introduce the three AiStiers and show how visibility increases as oversight deepens. They provide a visual reference for the levels of reporting, tracking and prioritisation available. All prices shown are suggested RRP, with agencies receiving between 30% and 65% reduction.</p>",,,,false,aod-as-the-engine; agency-login,,,
AiSC Introduction,aisc,6981bc63d15449fd5f2c2a47,6981bc63d15449fd5f2c2916,6981bc63d15449fd5f2c2b5e,false,true,Tue Dec 16 2025 09:00:35 GMT+0000 (Coordinated Universal Time),Tue Dec 30 2025 09:37:34 GMT+0000 (Coordinated Universal Time),,"AiSC uses automation to confirm digital fundamentals, with Ai measuring Value and Risk, by identifying what is undermining performance and creating unnecessary risk, and then prioritizing what will make the greatest commercial difference.","<p>Where most automation focuses on diagnostics, AiSC focuses on impact. It shows how Integrity, Experience and SEO affect brand confidence, visibility, and growth. On Risk, it understands where there is exposure and is looking at how best to protect reputation.</p><p>Agencies without AiSC operate at a disadvantage, missing out on the value available following site launch and can inadvertently fund competitors taking advantage of the silence.</p><p>AiSC turns client retention and revenue growth into a productized, repeatable asset. On an ARR of £2.5m across 15 clients (22-26 websites) agencies are leaving an average of £420,000 (17%) 'on the table'.</p><figure class=""w-richtext-figure-type-image w-richtext-align-fullwidth"" style=""max-width:1920px"" data-rt-type=""image"" data-rt-align=""fullwidth"" data-rt-max-width=""1920px""><div><img src=""https://cdn.prod.website-files.com/6981bc63d15449fd5f2c293d/6981bc63d15449fd5f2c2b08_aisc_img_future-value-2.png"" loading=""lazy"" alt=""__wf_reserved_inherit"" width=""auto"" height=""auto""></div></figure>",,,,false,worldview; future-value; buyer-perception; leaving-money-on-the-table; what-this-unlocks-for-agencies; whats-different---why-aisc; why-this-exists,AiSC,,
Applications,active,6981bc63d15449fd5f2c2a47,6981bc63d15449fd5f2c2916,6981bc63d15449fd5f2c2b4a,false,false,Tue Nov 18 2025 14:25:05 GMT+0000 (Coordinated Universal Time),Tue Nov 18 2025 16:31:55 GMT+0000 (Coordinated Universal Time),,"To direct decisions, leaders must see both digital value created, and risks exposed - Agency ‘as small example’ 10 retained clients / circa 25 websites across, is leaving £425,000 on the table, which others are taking…. When a website goes live, something happens. Silence. Engagement drops, revenue slows, and the client moves on.Account managers have no structured reason to stay close. INSIGHT provides independent confirmation of digital fundamentals at scale. It applies market-level evidence with site-level clarity, producing a Scorecard that highlights where value is limited and where unnecessary risk is created. INSIGHT gives agency teams the commercial clarity that diagnostic tools and self-assessment do not provide.","<p id="""">The AiSC Platform delivers AI-driven impact analysis of Digital Fundamentals, continuously monitoring websites and digital estates to reveal where value is undermined or unnecessary risk is created.</p><p id="""">It provides independent, actionable evidence informed by extensive historical data-highlighting which issues truly affect a website’s value (experience, SEO, integrity) and risk (privacy, accessibility, carbon).</p><p id="""">Unlike static or reactive technical issue lists, the AiSC Platform offers a living, ongoing evaluation. </p><p id="""">Real-time alerts (for example, when scores drop) provide board-level and senior decision-makers with clear evidence of where Digital Fundamentals are being met or undermined. </p><p id="""">This enables resources, time, and teams to be directed toward the areas that matter most, reducing wasted effort while safeguarding digital performance and growth.</p><h2 id="""">Key Aspects of ACTIVE</h2><ul id=""""><li id="""">Purpose: Protection of existing value, expansion of opportunities, and creation of new growth.</li><li id="""">Continuous Evaluation: Ongoing, living assessments that highlight where Digital Fundamentals are met or undermined.</li><li id="""">Cadence: Currently delivered monthly, with the flexibility to move to weekly.</li></ul><h2 id="""">Applications of ACTIVE</h2><ol id=""""><li id="""">Agency Opportunity Dashboard (AOD)</li><li id="""">Corporate Value and Risk</li><li id="""">Landing Pages</li><li id="""">Discovery</li></ol><h2 id="""">Why this matters now</h2><p id="""">Clients expect clarity and confidence. Digital estates are large, complex, and constantly changing. Traditional diagnostics surface technical detail without showing commercial priority. INSIGHT changes this by providing evidence that is understood by executives and can be used immediately to inform action.</p><p id=""""> </p><h2 id="""">How INSIGHT drives commercial advantage</h2><p id="""">• Gives agencies the evidence needed to stand out.</p><p id="""">• Opens senior conversations supported by fact.</p><p id="""">• Builds credibility before the first meeting.</p><p id="""">• Strengthens retention through structured oversight.</p><p id=""""> </p><p id="""">INSIGHT gives agencies control of the conversation again. It moves outreach from technical reporting to commercial relevance that matters to decision makers.</p><h2 id="""">What INSIGHT outputs</h2><p id="""">• A Scorecard across a defined list of websites.</p><p id="""">• A to E grading that identifies priority.</p><p id="""">• Clear areas where value is limited or unnecessary risk is created.</p><p id="""">• Site-level drill-down to support commercial discussion.</p><p id=""""> </p><h2 id="""">How agencies use INSIGHT</h2><p id="""">• Lead generation supported by evidence.</p><p id="""">• Campaigns built on sector clarity.</p><p id="""">• Pre-pitch planning with defensible insight.</p><p id="""">• Direct mail outreach supported by commercial facts.</p><p id="""">• Evergreen PR messages grounded in data.</p><p id=""""> </p><h2 id="""">INSIGHT applications</h2><p id="""">Vanguard</p><p id="""">Market-level analysis to identify priority accounts and create opportunity. Used for campaigns, PR, direct mail, and pre-pitch support.</p><p id="""">/CONFIRM</p><p id="""">Focused analysis on a priority account to support conversion and scope.</p><p id=""""> </p><h2 id="""">Next step</h2><p id="""">Use Vanguard to identify targets.</p><p id="""">Use /CONFIRM to convert into commercial conversation. </p><p id="""">(try it right now, www.AAAnow.ai/confirm)</p><p id="""">‍</p><p>‍</p>",The majority of organisations still lack a framework to evidence digital value and risk at scale ,"McKinsey, Global Digital Benchmark",5,false,,,,
CVR,application-cvr,6981bc63d15449fd5f2c2a47,6981bc63d15449fd5f2c2916,6981bc63d15449fd5f2c2b4c,false,false,Tue Nov 18 2025 14:26:57 GMT+0000 (Coordinated Universal Time),Tue Nov 18 2025 16:23:33 GMT+0000 (Coordinated Universal Time),,Corporate Value and Risk is a revenue-generating service that gives agencies boardroom access by providing the independent evidence executives need.,"<p id="""">In large organisations, leadership often lacks visibility of how digital performance varies across brands, regions, or business units. Without consistent measurement, executives cannot see where value is being delivered, where risk is increasing, or how performance is trending, leaving gaps that undermine ROI, expose compliance risk, and weaken confidence in digital investment.</p><p id="""">Corporate Value and Risk, an application of ACTIVE, provides an enterprise-wide dashboard for governance and leadership. It translates complex fundamentals into an A–E grading system, making systemic issues visible and measurable at scale.</p><h2 id="""">How It Helps:</h2><ul id=""""><li id="""">Shows where value is delivered and how it changes over time.</li><li id="""">Identifies where risk is rising and which principles are most affected.</li><li id="""">Benchmarks performance across brands, regions, or business units.</li><li id="""">Provides board-level assurance on compliance and governance.</li><li id="""">Evidences ROI and risk exposure to guide smarter investment decisions.</li></ul><p id="""">Executives gain clarity, agencies gain evidence to drive growth, and clients gain websites that perform, comply, and deliver value.</p><h2 id="""">Example / Article:</h2><p id="""">From Direct Outreach to Boardroom Access, Banking New Revenue (linked on the left of this page)</p>",,,7,true,,,,
Client Lifecycle,lifecycle-alignment,6981bc63d15449fd5f2c2a47,6981bc63d15449fd5f2c2916,6981bc63d15449fd5f2c2b71,false,false,Wed Dec 17 2025 14:48:07 GMT+0000 (Coordinated Universal Time),Tue Jan 20 2026 09:28:33 GMT+0000 (Coordinated Universal Time),,A new growth engine that connects commercial focus to each client stage.,"<p id="""">This section brings together the client lifecycle graphic and the stage summaries. It shows how using Ai supported reporting across; Awareness, Engagement, Purchase, Retention, Growth and Advocacy creates a growth engine that was not available before.</p><p id="""">The emphasis is commercial. It supports new ways of marketing, clearer conversations, and better use of existing relationships so that value stays inside the agency rather than being left on the table.</p><p id="""">The technology is new and uses Ai positively, but it does not require a new process. It is disruptive in how it drives value and confidence for clients while slotting into current workflows with little or no impact.</p><figure id="""" class=""w-richtext-figure-type-image w-richtext-align-fullwidth"" style=""max-width:2000px"" data-rt-type=""image"" data-rt-align=""fullwidth"" data-rt-max-width=""2000px""><div id=""""><img src=""https://cdn.prod.website-files.com/6981bc63d15449fd5f2c293d/6981bc63d15449fd5f2c2b1d_Client%20Confidence.png"" loading=""lazy"" alt=""__wf_reserved_inherit"" width=""auto"" height=""auto"" id=""""></div></figure>","“AiSC… first available, looking at Value and Risk. Rather than diagnostics (you may have) this is assessing impact, brining into focus what matters, makes a difference.” ",,,false,awareness; engagement; purchase; retention; growth; advocacy,,,
Discovery,discovery,6981bc63d15449fd5f2c2a47,6981bc63d15449fd5f2c2916,6981bc63d15449fd5f2c2b4e,false,false,Tue Nov 18 2025 14:28:40 GMT+0000 (Coordinated Universal Time),Tue Nov 18 2025 16:23:33 GMT+0000 (Coordinated Universal Time),,"Discovery is a revenue-generating service that uncovers hidden ‘Zombie Websites’ - giving agencies a powerful value-add for clients, opening doors to wider projects, and positioning you as the partner who finds and fixes what others miss.","<p id="""">Discovery is an application of ACTIVE that uncovers the hidden digital estate - the sites organisations don’t know exist, but which still carry risk. </p><p id="""">These so-called “Zombie Websites” accumulate over time through legacy projects, expired campaigns, departmental initiatives, or abandoned sub-domains, yet continue to consume resources and expose the organisation.</p><h2 id="""">Earn today:</h2><p id="""">Using the intelligence to create a master profiling from present websites, using Ai to profile content of linked and associated website and mapping of domains and IP matches. Take to clients, Ai / innovation, identifying the unknown, and then project manage clean up / site removal.</p><h2 id="""">Why it matters:</h2><ul id=""""><li id="""">Scale of the unknown: Audits show that around 32<sup id="""">%</sup> of websites in government and public sector, and 41<sup id="""">%</sup> across commercial organisations, are not visible to their own digital teams.</li><li id="""">Cost impact: Unknown sites consume hosting, licences, and maintenance spend without delivering value.</li><li id="""">Brand and compliance risk: Out-of-date content damages reputation and creates exposure around privacy and accessibility.</li><li id="""">Cyber risk: An estimated 18<sup id="""">%</sup> of hacks or unauthorised access originate from websites outside digital team control.</li></ul><h2 id="""">How it helps:</h2><ul id=""""><li id="""">Uses AiSC’s AI engine to build a profile of the known and unknown estate.</li><li id="""">Identifies up to 85<sup id="""">%</sup> of unknown sites, surfacing hidden risks and costs.</li><li id="""">Provides organisations with a structured view of their true footprint, including active, legacy, and unmanaged websites.</li></ul>",,,9,true,,,,
Headline message in here ,headline-message-in-here,6981bc63d15449fd5f2c2a47,6981bc63d15449fd5f2c2916,6981bc63d15449fd5f2c2b45,false,false,Tue Nov 18 2025 14:19:48 GMT+0000 (Coordinated Universal Time),Tue Nov 18 2025 16:23:33 GMT+0000 (Coordinated Universal Time),,A sub message goes in here supporting the main message. A sub message goes in here supporting the main message.,"<h2 id="""">The problem for agencies</h2><ul id=""""><li id="""">After a website goes live, <strong id="""">engagement and revenue drop off</strong>.</li><li id="""">Account managers lack a structured reason to stay close to the client.</li><li id="""">Clients assume the site is “done” — until something breaks, traffic drops, or compliance issues surface.</li><li id="""">Third-party audit tools (SiteImprove, Monsido, Lighthouse, etc.) <strong id="""">step in and take control of the narrative — and the upsell.</strong></li><li id=""""><strong id="""">Result: agencies lose revenue, lose visibility, and sometimes lose the client.</strong> Third-party audit tools (SiteImprove, Monsido, Lighthouse, etc.) <strong id="""">step in and take control of the narrative — and the upsell.</strong></li></ul><h2 id="""">Why this matters now</h2><p id="""">Clients expect clarity and confidence. Digital estates are large, complex, and constantly changing. Traditional diagnostics surface technical detail without showing commercial priority. INSIGHT changes this by providing evidence that is understood by executives and can be used immediately to inform action.</p><h2 id="""">How INSIGHT drives commercial advantage</h2><p id="""">• Gives agencies the evidence needed to stand out.</p><p id="""">• Opens senior conversations supported by fact.</p><p id="""">• Builds credibility before the first meeting.</p><p id="""">• Strengthens retention through structured oversight.</p><p id="""">INSIGHT gives agencies control of the conversation again. It moves outreach from technical reporting to commercial relevance that matters to decision makers.</p><h2 id="""">What INSIGHT outputs</h2><p id="""">• A Scorecard across a defined list of websites.</p><p id="""">• A to E grading that identifies priority.</p><p id="""">• Clear areas where value is limited or unnecessary risk is created.</p><p id="""">• Site-level drill-down to support commercial discussion.</p>","An intelligence-led, proactive approach to client digital health that focuses on what matters most, maximising value.",,,false,,,,
Insight,insight,6981bc63d15449fd5f2c2a47,6981bc63d15449fd5f2c2916,6981bc63d15449fd5f2c2b4f,false,true,Tue Nov 18 2025 14:29:16 GMT+0000 (Coordinated Universal Time),Tue Nov 18 2025 16:32:30 GMT+0000 (Coordinated Universal Time),,,,,,10,false,,,,
Introduction,scorecard-introduction,6981bc63d15449fd5f2c2a47,6981bc63d15449fd5f2c2916,6981bc63d15449fd5f2c2b54,false,false,Tue Nov 18 2025 16:39:37 GMT+0000 (Coordinated Universal Time),Mon Dec 15 2025 18:58:31 GMT+0000 (Coordinated Universal Time),,,"<h3>What is AISC?</h3><p>AiSC gives agencies a clear and independent way to confirm digital fundamentals across Value and Risk. It uses automation to reveal where performance is being undermined or where unnecessary risk is developing, then highlights the areas that offer the greatest commercial return when improved. This creates an immediate foundation for stronger client conversations, helping agencies remain actively involved after launch and reinforcing their position as trusted partners.</p><p>Without this clarity, agencies can unintentionally step back while competitors move into the post launch space, often capturing work that should remain within the relationship. AiSC provides a structured, evidence-led approach that helps account teams guide decisions, demonstrate ongoing value and recover revenue that is otherwise left on the table across an entire portfolio.</p><p>The screenshots on this page introduce the three AiSC tiers and show how visibility increases as oversight deepens. They provide a visual reference for the levels of reporting, tracking and prioritisation available. All prices shown are suggested RRP, with agencies receiving between 30% and 65% reduction.</p><p>‍</p><h3>What's available, by level </h3><p>Service breakdown, reporting depth and detail provided.</p><p>This page shows, row by row, which outputs are included in each tier and where additional notes apply. </p><p>It links the scorecard summary, website and page level reporting to INSIGHT, ASSURANCE and REMEDIATION so agencies can see what is delivered at each level.</p><p>‍</p><h3>Pricing, by tier</h3><p>Investment, by service level</p><p>This table summarises the investment for each AiSC tier, the level of oversight provided, and examples of how agencies use the outputs to strengthen retention and revenue. It brings together pricing, licensing and clear use cases to support commercial planning.</p>",,,1,false,buyer-perception; leaving-money-on-the-table,,,
Introduction ,introduction,6981bc63d15449fd5f2c2a47,6981bc63d15449fd5f2c2916,6981bc63d15449fd5f2c2b46,false,true,Tue Nov 18 2025 14:21:39 GMT+0000 (Coordinated Universal Time),Mon Dec 15 2025 18:58:24 GMT+0000 (Coordinated Universal Time),,"Core Proposition (for Agencies) A product you can use to open doors, automate pre-pitch conversations, sell to every website client - that creates recurring revenue, improves retention, and gives your client services team a reason to talk to clients every month.","<h2 id="""">Challenge agencies face</h2><ul id=""""><li id="""">Lead generation, being heard – with seemingly same noise made by all.</li><li id="""">Pitch differentiation, difficult to prove uniqueness ahead of a win.</li><li id="""">After a website goes live, <strong id="""">engagement and revenue drop off</strong>.</li><li id="""">Account managers lack a structured reason to stay close to the client.</li><li id="""">Clients assume the site is “done” — until something breaks, traffic drops, or compliance issues surface.</li><li id="""">Third-party audit tools (SiteImprove, Monsido, Lighthouse, etc.) <strong id="""">step in and take control of the narrative — and the upsell.</strong></li></ul><h2 id="""">Result: agencies lose revenue, lose visibility, and sometimes lose the client.</h2><p id="""">The AiSC Platform gives agencies independent, defensible evidence of digital value and risk. It helps protect and grow retainers, win new business with credibility, and open boardroom doors by surfacing what truly matters - delivering evidence clients can’t ignore.</p><p id="""">It was created in response to a clear problem: most websites undermine value and create risk, while existing diagnostic tools fail to give leadership the visibility to act.<br></p><p id="""">Its core purpose is to reveal where value is being lost and where risk is growing, offering agencies and organisations a new way to provide independent, defensible evidence for governance, client conversations, and revenue protection.<br></p><p id="""">Unlike reactive technical issue lists, the AiSC Platform delivers actionable evidence that pinpoints which fundamentals truly affect website value and risk.<br></p><p id="""">Its AI models are trained on 3.7 trillion data points collected over 25 years, enabling it to move beyond issue counting to true impact analysis at scale.<br></p><p id="""">The platform continuously profiles live content across digital estates, confirming where fundamentals are in place and surfacing where they are being undermined before problems escalate.</p><p id="""">‍</p>","An intelligence-led, proactive approach to client digital health that focuses on what matters most, maximising value.",,1,false,,,,
Landing pages,application-landing-pages,6981bc63d15449fd5f2c2a47,6981bc63d15449fd5f2c2916,6981bc63d15449fd5f2c2b4d,false,false,Tue Nov 18 2025 14:28:10 GMT+0000 (Coordinated Universal Time),Tue Nov 18 2025 16:25:02 GMT+0000 (Coordinated Universal Time),,"Landing Page Monitoring is a revenue service that sets your agency apart, proving you don’t just build campaigns, you protect their performance in real time.","<p id="""">Landing pages are often the most important part of a campaign - they drive prospects, fuel conversions, and directly impact revenue. Because of their sensitivity, even minor errors (a broken CTA, slow load time, or overlooked content change) can dilute campaign performance and undermine client confidence.</p><p id="""">When pitching for a new campaign, build in AiSC as a differentiator -- how you keep Value sustained, Risk minimized, how you ensure confidence.</p><h2 id="""">Earn today</h2><ul id=""""><li id="""">Understand client landing pages, look at Value or Risk results.</li><li id="""">Advise clients, what you can offer -- measurable results</li></ul><h2 id="""">How It Works</h2><ul id=""""><li id="""">Monitors landing pages looking for anything impacting Value or Risk issues.</li><li id="""">Confirms that digital fundamentals are in place, performance is maintained, and CTAs are working without fail.</li><li id="""">Runs daily checks; when deficiencies are detected, alerts are triggered so agencies can act before problems escalate or become visible externally.</li></ul><h2 id="""">Why it matters:</h2><ul id=""""><li id="""">Gives agencies proactive control over one of the most sensitive parts of a client’s digital presence.</li><li id="""">Marketing teams gain assurance that campaign pages perform as intended.</li><li id="""">Account managers can reference monitoring in reviews, proving that the agency not only builds campaigns but also protects their effectiveness in real time.</li></ul><h2 id="""">Commercial Impact:</h2><ul id=""""><li id="""">Safeguards campaign budgets by ensuring spend translates into results.</li><li id="""">Defends brand reputation by catching issues before audiences see them.</li><li id="""">Preserves revenue opportunities by keeping conversion paths intact.</li><li id="""">Demonstrates independence, accountability, and commitment to results</li></ul>",,,8,true,,,,
Missing until now,missing-until-now,6981bc63d15449fd5f2c2a47,6981bc63d15449fd5f2c2916,6981bc63d15449fd5f2c2b53,false,false,Tue Nov 18 2025 14:31:14 GMT+0000 (Coordinated Universal Time),Tue Nov 18 2025 16:23:33 GMT+0000 (Coordinated Universal Time),,"Agencies have never had practical access to independent clarity on where website value is limited or unnecessary risk is created. The scale, cost, and data required made this impossible. As budgets tighten and competition increases, third parties step in, shaping priorities and taking revenue. Impact analysis focused on what matters to visitors, AI, and search now gives agencies the ability to prioritise, prove value, and retain control.","<h2 id="""">Why we are here?</h2><p id="""">Budgets are tight. Competition is increasing. More agencies are fighting for fewer projects and the same visibility.<br>Once a site goes live, contact slows. Third parties step in with reports, take the narrative, and win the work. Agencies lose revenue, control, and client confidence.</p><p id="""">What matters now is understanding where sites support value and where they create unnecessary risk. Without this clarity, agencies cannot prioritise, cannot prove value, and cannot grow.</p><h2 id="""">Why you do not have this</h2><p id="""">This capability has not been practical or commercially viable.<br>It requires models trained on decades of data.<br>It requires millions of pounds of platform investment and over 3.7 trillion datapoints.<br>To recreate privately would cost more than £5,000 per client per month and take 11+ days per estate.</p><p id="""">Agencies did not miss this because they ignored it.<br>They never had the option.</p><h2 id="""">Why you need it</h2><p id="""">You need to grow revenue in a market where budgets are static and pressure rises.<br>You need a way to add value every month and prove it.<br>You need to do more for clients while saving them money through focused effort.<br>You need to keep control of the conversation, not hand it to a third party.</p><p id="""">AiSC uses impact analysis and intelligence to show what matters to people, AI systems, and search. It focuses on the fundamentals of Value and Risk.<br>This means you know where to act, why it matters, and how to defend the business case.</p><p id="""">This is new revenue and greater retention. Without it you are leaving money on the table. A small agency with ten clients and twenty-five sites can see more than £425,000 in opportunity.</p><h2 id="""">Why you need it now</h2><p id="""">Markets are already moving.<br>Those using evidence are opening doors first.<br>Whoever brings relevant clarity influences priorities and budget.</p><p id="""">Delaying increases the risk that competitors reach your clients before you, set the agenda, and take the opportunity.<br>Acting now protects accounts, supports upsell, and provides structured monthly revenue.</p><p id="""">AiSC supports two steps:<br>• INSIGHT Vanguard identifies wider opportunity<br>• /confirm focuses on a single account and informs scope</p><h2 id="""">Why this has been missing</h2><p id="""">The industry has focused on counting technical issues.<br>This produced noise, not commercial priority.</p><p id="""">There was no way to apply impact analysis across full estates and map Value and Risk at scale.<br>No platform existed that understood content and what makes a difference for humans, AI, and search.</p><p id="""">AiSC changes this.<br>It provides independent confirmation of where value is limited and where unnecessary risk exists.<br>It gives agencies clarity that executives understand, and a basis for confident action.</p>",,,14,false,,,,
Pricing,pricing---agency,6981bc63d15449fd5f2c2a47,6981bc63d15449fd5f2c2916,6981bc63d15449fd5f2c2b52,false,false,Tue Nov 18 2025 14:31:04 GMT+0000 (Coordinated Universal Time),Tue Nov 18 2025 16:23:33 GMT+0000 (Coordinated Universal Time),,,,,,13,false,,,,
Proposition,proposition,6981bc63d15449fd5f2c2a47,6981bc63d15449fd5f2c2916,6981bc63d15449fd5f2c2b48,false,false,Tue Nov 18 2025 14:23:27 GMT+0000 (Coordinated Universal Time),Tue Nov 18 2025 16:23:33 GMT+0000 (Coordinated Universal Time),,,"<h2 id="""">Evidence of the Problem</h2><p id="""">Audits of Kentico reference clients show the scale of missed fundamentals:<br></p><ul id=""""><li id="""">58<sup id="""">%</sup> undermining online value (Experience, SEO, Integrity)</li><li id="""">82<sup id="""">%</sup> carry compliance or exposure risks.<br></li></ul><p id="""">This proves fundamentals are being missed at scale. The problem is not technical execution alone but the absence of a scalable, evidence-based way to prove whether a site maximises value or creates risk. Agencies without this capability cannot defend retainers or compete effectively.</p><h2 id="""">Agency Economics and Opportunity</h2><p id="""">Retainers are under constant review and require clear evidence of value.<br></p><p id="""">Winning new business is equally difficult without tangible proof of outcomes.<br></p><p id="""">The AiSC Platform changes this by automating analysis across six digital fundamentals, creating independent evidence that supports both account protection and new business growth.</p><h2 id="""">Unique Outreach Capability</h2><p id="""">The AiSC Platform enables precise 1-2-1 outreach, targeting with evidence of specific issues they may not even be aware of. </p><p id="""">This turns outbound contact into timely, relevant conversations that open doors to new opportunities</p><h2 id="""">Continuity of Need</h2><p id="""">Demand is ongoing. Every website, across every sector, is in scope. <br></p><p id="""">Compliance obligations such as accessibility and privacy are expanding, while AI-driven discovery reshapes visibility and content expectations. <br></p><p id="""">Clients need proof their estates are fit for purpose; agencies unable to supply it risk losing ground to competitors who can<br></p>‍<h2 id="""">Differentiation </h2><p id="""">Diagnostic tools focus on technical lists that distract clients. The AiSC Platform is different: it surfaces what impacts value and risk at scale.<br></p><p id="""">This clarity is commercially relevant and usable immediately by agency teams.</p><h2 id="""">Speed and Availability</h2><p id="""">The AiSC Platform is not a 3–6 month project or new process. It fits seamlessly into existing workflows like client reviews, account planning, and lead generation. <br></p><p id="""">Evidence is produced in minutes and is instantly usable by commercial teams.</p><p id="""">‍</p>",,,3,false,,,,
Structure,platform---product---applications,6981bc63d15449fd5f2c2a47,6981bc63d15449fd5f2c2916,6981bc63d15449fd5f2c2b47,false,false,Tue Nov 18 2025 14:22:12 GMT+0000 (Coordinated Universal Time),Tue Nov 18 2025 16:23:33 GMT+0000 (Coordinated Universal Time),,"Agencies face tighter pipelines and tougher renewals. Growth depends on proving value, protecting revenue, and opening new opportunities. The AiSC Platform enables agencies to build revenue by turning independent evidence into client confidence.","<p id="""">The AiSC Platform offers two main products: </p><p id="""">ACTIVE and INSIGHT, each designed for distinct applications. The platform’s analysis of the six principles are summarized by Value and Risk:</p><p id="""">	Value: 	Experience, Search, and Integrity.</p><p id="""">	Risk: 	Accessibility, Privacy, and Environmental.</p><p id="""">It also provides unique insight, offers commercial signals, to guide sales and account teams on where to act. This offers independent, confirmation of digital fundamentals and a clear, defensible basis for client(present or prospective) conversations.</p><p>‍</p><div data-rt-embed-type='true'><table>
  <thead>
    <tr>
      <th>Platform</th>
      <th>Product</th>
      <th>Application</th>
      <th>Summary</th>
    </tr>
  </thead>
  <tbody>
    <tr>
      <td rowspan=""2"">AiS</td>
      <td>
        <strong>INSIGHT</strong><br>
        Market-level clarity that identifies digital leaders.
      </td>
      <td>Vanguard</td>
      <td>
        Analyse sectors, competitors’ clients, target accounts; campaigns; direct mail; PR content.
      </td>
    </tr>
    <tr>
      <td>
        <strong>INSIGHT</strong><br>
        Lead generation &amp; new business.
      </td>
      <td>/CONFIRM</td>
      <td>
        On-demand checker – a lead magnet you definitely can’t ‘just google for’.
      </td>
    </tr>
    <tr>
      <td rowspan=""4"">C</td>
      <td>
        <strong>ACTIVE</strong><br>
        Continuous monitoring service.
      </td>
      <td>Agency Opportunity Dashboard (AOD)</td>
      <td>
        Live, commercial visibility across clients and prospects.
      </td>
    </tr>
    <tr>
      <td>
        <strong>ACTIVE</strong><br>
        Protect retainers, expand engagements, generate billable days.
      </td>
      <td>Corporate Value and Risk (CVR)</td>
      <td>
        Enterprise-level dashboard for governance and leadership.
      </td>
    </tr>
    <tr>
      <td><strong>ACTIVE</strong></td>
      <td>Landing pages</td>
      <td>
        Proactive monitoring of sensitive assets.
      </td>
    </tr>
    <tr>
      <td><strong>ACTIVE</strong></td>
      <td>Discovery</td>
      <td>
        Provides organisations with a structured view of their true footprint,
        including active, legacy, and unmanaged websites.
      </td>
    </tr>
  </tbody>
</table></div>",,,2,false,,,,
Vanguard,application---vanguard,6981bc63d15449fd5f2c2a47,6981bc63d15449fd5f2c2916,6981bc63d15449fd5f2c2b50,false,false,Tue Nov 18 2025 14:29:54 GMT+0000 (Coordinated Universal Time),Tue Nov 18 2025 16:23:33 GMT+0000 (Coordinated Universal Time),,"Vanguard is the INSIGHT application that analyses markets, competitor client lists, and target accounts to show where value is limited and where unnecessary risk is created. It provides independent confirmation of digital fundamentals at scale, generating a Scorecard with A to E grading that helps commercial teams act with confidence.","<p id="""">What Vanguard analyses</p><p id="""">• Sectors and industries.</p><p id="""">• Competitor client portfolios.</p><p id="""">• Target account lists.</p><p id="""">• Site-level fundamentals affecting value and risk.</p><p id="""">Vanguard highlights opportunity that is often missed or delayed. Agencies no longer need to rely on scattered free tools or random diagnostics.</p><p id=""""> </p><h2 id="""">Why Vanguard matters to agencies</h2><p id="""">• Helps agencies control the commercial conversation.</p><p id="""">• Provides new evidence that stands out in outreach.</p><p id="""">• Identifies where clients need help to increase value or reduce unnecessary risk.</p><p id="""">• Gives an early mover advantage using new technology.</p><p id="""">• Supports sector disruption by setting new expectations for clarity.</p><p id=""""> </p><p id="""">Vanguard positions agencies at the forefront. They lead with insight that matters to executives rather than technical output that needs translation.</p><p id=""""> </p><h2 id="""">How agencies use Vanguard</h2><p id="""">• PR and sector commentary based on market insight.</p><p id="""">• Direct mail to senior roles supported by evidence.</p><p id="""">• Campaign development that aligns to real-world need.</p><p id="""">• Pre-pitch planning supported by sector clarity.</p><p id=""""> </p><p id="""">Vanguard helps agencies open senior doors. It shows who needs help and why.</p><p id=""""> </p><h2 id="""">Grading and priority</h2><p id="""">A to E grading provides fast interpretation. A signals acceptable performance. E highlights significant need. The Scorecard identifies where value is limited or unnecessary risk is created, giving a clear starting point for targeted support.</p><p id=""""> </p><h2 id="""">Next step</h2><p id="""">Vanguard identifies priority accounts. confirm supports focused discussion on one account to convert into scope and delivery.</p>",,,11,true,,,,
"Why, what, how",why-what-how,6981bc63d15449fd5f2c2a47,6981bc63d15449fd5f2c2916,6981bc63d15449fd5f2c2b49,false,false,Tue Nov 18 2025 14:23:57 GMT+0000 (Coordinated Universal Time),Tue Dec 09 2025 15:29:04 GMT+0000 (Coordinated Universal Time),,"Agencies need a reliable way to show where websites support value and where action will have commercial effect. Until now, the scale, cost, and data required made this impractical. AiSC provides independent insight across Value and Risk so teams can identify opportunity earlier, support pitches and proposals with evidence, and maintain meaningful monthly engagement. This helps secure new work and protect existing accounts. Without this capability, revenue is missed and competitors gain advantage.","<h2 id="""">WHY – The problem</h2><p id="""">Revenue and client confidence depend on clarity.<br>Teams must evidence where the website supports value and where attention will have effect, yet conventional reporting lists issues without ranking commercial importance.<br>Without independent confirmation grounded in Value and Risk, priorities drift, conversations stall, and it becomes harder to direct investment with confidence.</p><h2 id="""">WHAT – The impact</h2><p id="""">The impact of AiSC is commercial clarity.<br>Agencies can show how websites support value and identify where attention will have meaningful effect. This strengthens propositions in new business and builds confidence with existing clients. It becomes easier to demonstrate why work is needed, where it should focus first, and how it drives improvement across Value and Risk.</p><p id="""">In new business, evidence drawn from Vanguard helps shape narratives for PR, campaigns, and one to one outreach. It brings structure to early conversations and supports pitches and proposals with a clear view of where value can be reinforced and risk reduced.</p><p id="""">For active clients, AOD maintains a consistent line of sight. Account teams can explain progress against priority, not just activity. This helps clients feel supported and gives agencies a clear, factual basis for ongoing engagement.</p><h2 id="""">HOW – you solve it</h2><p id="""">Replace sporadic tools and issue lists with impact analysis focused on Value and Risk.<br>Use intelligence that concentrates on what matters to people, AI systems, and search.<br>Confirm where value is limited and where unnecessary risk exists, then align action to visibility, trust, and exposure.</p><p id="""">Vanguard works within the market you select, providing reusable evidence for PR, targeted outreach, and talk tracks that differentiate.<br>confirm provides fast clarity for a single account to support a pitch or proposal before a client is live.<br>AOD provides ongoing oversight under agency control, creating a consistent reason to engage month after month.</p><h2 id="""">VALUE – in solving it</h2><p id="""">New business gains credible differentiation.<br>Proposals carry evidence that supports decisions.<br>Retainers demonstrate progress against agreed priorities.<br>Clients focus effort where it makes a difference and reduce wasted spend.<br>Agencies retain commercial control, protect accounts, and build predictable revenue based on Value and Risk.</p><p id="""">A small agency with ten clients and twenty five sites can see more than £425,000 in opportunity currently unrealised.</p>",,,4,false,buyer-perception,,,
