Name,Slug,Collection ID,Locale ID,Item ID,Archived,Draft,Created On,Updated On,Published On,Chapter,Snippet,Order,Rich Text,Quote,Tag,PDF,Icon,Blog Article,External Link,Type,Location
AOD – by role,aod---by-role,6981bc63d15449fd5f2c29e9,6981bc63d15449fd5f2c2916,6981bc63d15449fd5f2c2b2d,false,true,Tue Oct 21 2025 16:13:25 GMT+0000 (Coordinated Universal Time),Mon Nov 10 2025 11:44:20 GMT+0000 (Coordinated Universal Time),,Introduction,"A practical explanation of how agencies use AOD. Shared visibility, aligned priorities, and evidence based planning that turn routine oversight into retention and predictable revenue.",,,,,,https://cdn.prod.website-files.com/6981bc63d15449fd5f2c293d/6981bc63d15449fd5f2c2af6_small-growth.svg,,,,
"Agency revenue, client confidence",agency-revenue-client-confidence,6981bc63d15449fd5f2c29e9,6981bc63d15449fd5f2c2916,6981bc63d15449fd5f2c2b70,false,false,Wed Dec 17 2025 14:44:02 GMT+0000 (Coordinated Universal Time),Wed Dec 17 2025 15:21:12 GMT+0000 (Coordinated Universal Time),,,Retaining client oversight; the relationship and the revenue. ,,"<p>Following the final weeks of excitement, hourly calls and frenzy to launch, its eerily quiet, hopefully at least a monthly review to talk about ‘something’ (often SEO data / rankings….).</p><p>Websites are launched, ahead of this some are checked with some technical, diagnostic tools. The website is then handed over to the client, sometimes the agency has a retainer – a level of oversight, but this is limited due to available skills, client funding and disproportionality expensive diagnostic and free tools the agency my have. </p><p>Alternatively, client takes over the website, perhaps with the introduction of a ‘tool’ that offers reactive automated testing, diagnostics (SiteImprove, Sitemorse, Monsido etc). </p><p>…..what can be worse, is if is the agency that makes the introduction to the tool… WHY? The agency introduces ‘a partner’ to deal with their client, to tell their client about website issues and often compete to deliver the correction work.</p><p>These tools, are in most cases at the heart of the issue – pages of technical detail. Running every week on everything often highlighting key issues, their sporadic usage resulting in today's websites undermining value and creating unnecessary risk. </p>",,,,,agency-revenue-client-confidence,,Blog Post,
AiSC Helping Improve Retention,aisc-helping-improve-retention,6981bc63d15449fd5f2c29e9,6981bc63d15449fd5f2c2916,6981bc63d15449fd5f2c2b87,false,false,Wed Jan 28 2026 14:41:34 GMT+0000 (Coordinated Universal Time),Wed Jan 28 2026 15:40:40 GMT+0000 (Coordinated Universal Time),,i-want-to,"How a change in launch process, removes client distraction, saves them money (revenue you bank) and improves retention.",,,,,,,,,,
Automate LinkedIn lead generation with credible 1 to 1 personalisation,automate-linkedin-lead-generation-with-credible-1-to-1-personalisation,6981bc63d15449fd5f2c29e9,6981bc63d15449fd5f2c2916,6981bc63d15449fd5f2c2b86,false,false,Wed Jan 28 2026 14:41:10 GMT+0000 (Coordinated Universal Time),Wed Jan 28 2026 15:38:58 GMT+0000 (Coordinated Universal Time),,i-want-to,"Systemise LinkedIn outreach with prospect-specific insight. Stand out before the pitch. Share evidence about their website, not promises about yours.",,,,,,,,,,
Automate digital landscape discovery for account development and new business,automate-digital-landscape-discovery-for-account-development-and-new-business,6981bc63d15449fd5f2c29e9,6981bc63d15449fd5f2c2916,6981bc63d15449fd5f2c2b89,false,false,Wed Jan 28 2026 14:42:33 GMT+0000 (Coordinated Universal Time),Wed Jan 28 2026 14:44:57 GMT+0000 (Coordinated Universal Time),,i-want-to,Discover your client's hidden digital estate. Up to 41% of sites may be unknown. Open doors across departments with evidence-led scorecards.,,,,,,,,,,
Automate quotes and meeting work packs so client reviews can be evidence-led,automate-quotes-and-meeting-work-packs-so-client-reviews-can-be-evidence-led,6981bc63d15449fd5f2c29e9,6981bc63d15449fd5f2c2916,6981bc63d15449fd5f2c2b84,false,false,Wed Jan 28 2026 14:40:38 GMT+0000 (Coordinated Universal Time),Wed Jan 28 2026 15:40:35 GMT+0000 (Coordinated Universal Time),,i-want-to,"Generate evidence-led work packs on demand. Cut pre-meeting prep time, improve quote accuracy, and close reviews with clearer next steps.",,,,,,,,,,
Banking SEO Value,banking-seo-value,6981bc63d15449fd5f2c29e9,6981bc63d15449fd5f2c2916,6981bc63d15449fd5f2c2b26,false,true,Tue Oct 21 2025 14:18:29 GMT+0000 (Coordinated Universal Time),Mon Nov 10 2025 11:44:20 GMT+0000 (Coordinated Universal Time),,Introduction,SEMrush – getting the fundamentals right can improve organic traffic by 23% and improves keyword ranking by 27%. Using AiSC to deliver measurable visibility and client confidence.,1,"<p id="""">Recent research by SEMrush highlights a clear truth: getting the basics right matters. The study analysed thousands of websites and found a direct link between accessibility quality and SEO performance. Pages that improved structure, contrast, form labels, and alt text achieved higher search rankings, stronger engagement, and faster loading speeds. These are not new insights. The evidence now clearly shows how fundamental accessibility is to visibility and user experience.</p><p id="""">Sitemorse has long supported this conclusion. Their data confirms that reducing accessibility issues improves search performance. This is not coincidence. It is how good digital practice works. Strong fundamentals such as clarity, structure, and accessibility have always supported both visibility and experience. The SEMrush study provides measurable proof that poor accessibility damages SEO performance, while fixing it improves value.<br><br></p><p id="""">This article explores how automation and intelligence are changing the way agencies approach SEO. AiSC enables agencies and clients to identify, prioritise, and act on these fundamentals instantly. It highlights where value can be recovered, what impacts visibility, and how small actions can deliver measurable gains in a single day.</p><h3 id="""">Accessibility and SEO Connection</h3><p id="""">Accessibility and SEO are often treated as separate disciplines, yet both depend on clear structure and strong digital foundations. Search engines prioritise content that is easy to interpret and navigate, while accessible websites naturally deliver that clarity. When heading levels, links, and image descriptions are correctly implemented, users and search engines can better understand relevance and context.</p><p id="""">SEMrush found that improving accessibility metrics leads to stronger search visibility. Websites with clearer hierarchy and accurate metadata perform better in organic rankings. Accessibility is not only about compliance. It is about communication and discoverability. When information is structured correctly, it becomes usable, findable, and valuable.</p><p id="""">AiSC builds on this principle. It continuously measures accessibility and structural quality as part of SEO fundamentals. With AiSC you can measure what matters and act on what makes a difference. By identifying where accessibility or structure limits visibility, AiSC provides actionable insight that delivers results fast.</p><h3 id="""">From Accessibility to Fundamentals</h3><p id="""">Accessibility is one part of a larger picture. SEO and GEO performance rely on solid digital foundations. Up to 75% of what determines visibility depends on getting these basics right. Structure, clarity, consistency, and content delivery are the building blocks of effective optimisation. When these are correct, every marketing action becomes more efficient and cost effective.</p><p id="""">AiSC analyses these fundamentals at scale. It ensures websites operate efficiently and that value is not lost through neglect of small issues. Traditional SEO approaches often overlook this step, focusing on keywords, content volume, or backlinks. Without the correct foundations, those efforts cannot reach their full potential. AiSC exposes these easy wins so agencies can act in hours instead of weeks.</p><h3 id="""">Traditional ‘technical’ SEO vs AiSC Fundamentals Approach</h3><ul id=""""><li id="""">Traditional SEO Methods</li><li id="""">AiSC Fundamentals Approach</li><li id="""">Manual diagnostics limited to keywords and backlinks.</li><li id="""">Automated analysis across all fundamentals including accessibility, structure, and delivery.</li><li id="""">Dependence on multiple experts and isolated tools.</li><li id="""">A single source of clarity that identifies priorities immediately.</li><li id="""">Reactive reporting and delayed action.</li><li id="""">Continuous oversight highlighting value to recover quickly.</li><li id="""">Focus on metrics rather than meaning.</li><li id="""">Focus on what directly impacts visibility and user experience.</li><li id="""">Traditional SEO remains valuable, but its manual nature limits speed and consistency. AiSC applies automation to uncover what matters most, replacing fragmented workflows with clear, evidence-based action.</li></ul><h3 id="""">AI and the GEO Shift</h3><p id="""">Search is changing. AI systems interpret and summarise information, providing answers instead of lists. This new environment, called GEO or Generative Experience Optimisation, depends on accessible, structured, and trustworthy content. Websites built on strong fundamentals are more likely to appear in AI-generated results.</p><p id="""">The eskimoz paper “The Future of SEO in the Gen AI Era” explains how GEO builds on SEO principles. Search engines and AI models prioritise pages that are structured, authoritative, and relevant. AiSC ensures those qualities are present, making agencies and clients ready for the GEO landscape today.</p><p id="""">AI models depend on clear, accurate data. They cannot use content that is difficult to interpret. By confirming accessibility, structure, and delivery, AiSC ensures that websites are correctly understood by both users and AI systems.</p><h3 id="""">AiSC and AOD in Action</h3><p id="""">AiSC is the intelligence platform that analyses millions of pages and identifies what affects visibility and performance. The Agency Opportunity Dashboard, or AOD, is the application that presents this information in a clear and usable way. Together, they help agencies and clients understand exactly where improvements can be made and how value can be recovered.</p><p id="""">This is progress through technology. AiSC replaces manual investigation and multi-specialist dependency with automation built on 25 years of experience and 3.7 trillion diagnostic data points. It transforms complexity into clarity, providing understanding of what truly matters.</p><p id="""">For agencies, this means faster delivery, measurable ROI, and stronger client relationships. For clients, it means improved SEO performance, lower costs, and lasting confidence that fundamentals are under control.</p><h3 id="""">Value You Can Bank</h3><p id="""">AiSC and AOD turn insight into action. They identify where small, specific changes can deliver measurable gains in visibility and engagement. For agencies, this creates new revenue opportunities supported by evidence. For clients, it provides better performance and efficiency while reducing unnecessary spend.</p><p id="""">Automation handles complexity so teams can focus on strategy and delivery. This combination of intelligence and clarity produces faster reporting, visible progress, and stronger trust. It keeps agencies ahead of competitors and clients confident in the results.</p><p id="""">If not already using AiSC, try www.AAAnow.ai/confirm and understand where your content stands today. Measure what matters, act on what makes a difference, and build lasting competitive advantage.</p><p id=""""><strong id="""">References and Links Table</strong></p><p id=""""><strong id="""">Source Title</strong></p><p id=""""><strong id="""">Section</strong></p><p id=""""><strong id="""">Full URL</strong></p><p id="""">SEMrush – Why Accessibility Matters More Than Ever for SEO Performance</p><p id="""">Introduction / Accessibility Connection</p><p id="""">https://www.semrush.com/news/420048-study-why-accessibility-matters-more-than-ever-for-seo-performance/</p><p id="""">Sitemorse – Accessibility: the Overlooked Key to Better SEO</p><p id="""">Introduction / Accessibility Connection</p><p id="""">https://sitemorse.com/blog-article/10324/accessibility-the-overlooked-key-to-better-seo/</p><p id="""">eskimoz – The Future of SEO in the Gen AI Era</p><p id="""">AI and the GEO Shift</p><p id="""">https://www.eskimoz.co.uk/the-future-of-seo-gen-ai/</p><p id="""">AAAnow.ai</p><p id="""">Value You Can Bank</p><p id="""">https://aaanow.ai/confirm</p>",,,,https://cdn.prod.website-files.com/6981bc63d15449fd5f2c293d/6981bc63d15449fd5f2c2af5_small-target.svg,,,,
Banking repeatable revenue,banking-repeatable-revenue,6981bc63d15449fd5f2c29e9,6981bc63d15449fd5f2c2916,6981bc63d15449fd5f2c2b29,false,true,Tue Oct 21 2025 14:22:39 GMT+0000 (Coordinated Universal Time),Mon Nov 10 2025 11:44:20 GMT+0000 (Coordinated Universal Time),,Introduction,"Ron was looking for a product for existing market that would deliver steady, repeatable revenue. Something new, without creating extra work, solving a problem. AiSC new revenue today and door opening to new work tomorrow.",3,"<p id=""""><strong id="""">Who Uses the Agency Opportunity Dashboard</strong></p><p id="""">Evidence of where to act first.</p><p id="""">Every agency depends on confidence. Confidence that client websites are performing, protected, and creating value. Each role inside an agency experiences that confidence differently. For a CEO it means margin and reputation. For a business development lead it means a reliable pipeline. For an account director it means retention. For a CFO it means predictability and control.<br><br>Each role manages a part of the same picture, but few share the same view.<br><br>The Agency Opportunity Dashboard (AOD) brings those views together. It turns continuous auditing into structured visibility that shows where value is being lost and where unnecessary risk is being created. AOD provides a single, evidence-based view of opportunity and exposure. It connects commercial outcomes to digital fundamentals and supports every role in achieving growth.<br><br>How reducing client risk and removing barriers that undermine value creates immediate revenue and confidence for your client.<br>For agencies, the new way to evidence opportunity.<br><br>The Sparktoro 2024 State of Digital Agencies report highlights the same priorities that AOD addresses directly: revenue growth, client relationships, and profitability. AOD helps agencies deliver all three by proving value, maintaining confidence through verified oversight, and identifying opportunities for improvement without additional complexity.</p><p id=""""><strong id="""">The Roles That Use AOD</strong></p><p id="""">Every part of an agency contributes to confidence and revenue. AOD ensures they all work from the same evidence.</p><p id="""">Persona</p><p id="""">Primary Goal</p><p id="""">How AOD Helps</p><p id="""">Agency CEO or Founder</p><p id="""">Growth, margin, reputation</p><p id="""">Auditing across clients reveals where confidence may slip and where recoverable value exists. Supports clear planning and measurable progress.</p><p id="""">Head of Business Development</p><p id="""">Pipeline health and new leads</p><p id="""">Uses evidence from recent audits to re-engage dormant accounts and prioritise prospects. Conversations begin with proof, not speculation.</p><p id="""">Client Services Director or Account Director</p><p id="""">Retention and proactive engagement</p><p id="""">Brings audit-based insight to client reviews. Turns oversight into actions that strengthen relationships.</p><p id="""">Head of Strategy or Performance</p><p id="""">Aligning work to outcomes</p><p id="""">Links audited fundamentals to commercial goals. Directs effort where change creates measurable impact.</p><p id="""">CFO or Operations Director</p><p id="""">Predictable performance and efficiency</p><p id="""">Converts audit visibility into financial foresight. Supports recurring revenue models built on verified progress.</p><p id="""">CMO or Head of Marketing</p><p id="""">Brand confidence and trust</p><p id="""">Uses ongoing audits to demonstrate control across client estates. Shows leadership through verified governance and reduced risk.</p><p id=""""><strong id="""">Shared Pressures, Shared Evidence</strong></p><p id="""">The Alliance of Independent Agencies 2024–25 Performance Pulse shows how agencies are balancing challenge and opportunity. 38% list new business generation as their biggest challenge. 29% identify growth within existing clients as their main opportunity. 65% report rising costs that continue to affect margins.<br><br>Agencies that perform best act on what they already know. AOD turns auditing into structured visibility that can be shared across teams. It ensures that growth and retention decisions come from the same facts, not from disconnected reports or assumptions.<br><br>This shared visibility forms the foundation of productised client retention and revenue growth. It provides a repeatable, evidence-based system for building confidence and improving performance.</p><p id=""""><strong id="""">The CEO or Founder</strong></p><p id="""">For agency leaders, AOD provides clarity. It shows where the business is performing strongly and where exposure could undermine reputation or profit. Research from The Wow Company found that agencies which measure performance consistently achieve an average of 28% operating profit, compared with 18% for those that do not. AOD supports that level of discipline. It connects leadership decisions to verified data and enables more confident planning. Early visibility of declining value or growing risk helps leaders act before issues reach clients or affect results.</p><p id=""""><strong id="""">The Head of Business Development</strong></p><p id="""">For business development teams, evidence creates opportunity. The Performance Pulse notes that top-performing agencies focus on propositions supported by data-led insight. AOD provides that proof. Auditing across current and reference clients highlights recurring issues that weaken value, such as poor accessibility, outdated structures, or content duplication that harms SEO. These findings form the basis for targeted outreach. BD teams use verified examples to reconnect with prospects or revive dormant clients. This approach replaces opinion with evidence, shortens sales cycles, and converts oversight into billable opportunity.</p><p id=""""><strong id="""">Client Services and Account Directors</strong></p><p id="""">Client retention depends on trust. Clients stay with agencies that show control and continuous progress. The Wow Company found that 83% of agencies want more clients on retainers because predictable income supports better planning. AOD provides the structure that sustains those relationships. Each audit becomes a shared record of improvement and a guide for what comes next. Account reviews move from opinion to evidence. Clients see that fundamentals are being managed. Agencies maintain value and protect margin.</p><p id=""""><strong id="""">Head of Strategy or Performance</strong></p><p id="""">Strategists must decide what matters most. AOD turns diagnostic complexity into focused visibility. It connects the six AiSC fundamentals of Experience, SEO, Integrity, Accessibility, Privacy, and Carbon to measurable results such as visibility, trust, and efficiency. This connection allows strategists to align delivery with commercial outcomes. They can demonstrate how improved fundamentals raise performance, protect reputation, and reduce cost. AOD makes strategic planning practical by showing which actions create measurable impact.</p><p id=""""><strong id="""">CFO or Operations Director</strong></p><p id="""">Profitability depends on foresight. The Wow Company notes that successful agencies measure profitability by client and by service rather than only at company level. AOD builds on that approach by showing how audited fundamentals affect financial results. It highlights where unnecessary risk increases cost and where stronger fundamentals reduce workload. For operations teams, this insight improves forecasting and resource planning. Time and budget can be allocated to the accounts that deliver measurable return. Recurring revenue becomes predictable because it is based on verified progress rather than assumption.</p><p id=""""><strong id="""">CMO or Head of Marketing</strong></p><p id="""">Reputation and trust define agency brands. The Performance Pulse shows that 87% of high-performing agencies align delivery with measurable results. AOD gives marketing leaders the visibility to demonstrate this discipline. Continuous auditing shows that client sites remain accessible, compliant, and sustainable. This evidence protects the agency’s brand, strengthens reputation, and builds confidence with clients. Marketing teams can show that oversight of Accessibility, Privacy, and Carbon is part of their agency’s culture, not a reactive task.</p><p id=""""><strong id="""">Why Visibility Matters</strong></p><p id="""">Agencies that measure and act on evidence make more profit and retain more clients. The Wow Company summarises it simply: 'The more you measure, the more profit you make.' The Performance Pulse reinforces the same principle, noting that high-performing agencies combine accountability with data-led decision making. AOD delivers that alignment. Continuous auditing becomes structured visibility that every role can understand and use. It connects separate activities and turns information into actions that sustain confidence and growth.</p><p id=""""><strong id="""">The Shared Outcome</strong></p><p id="""">When all roles share the same evidence, three outcomes follow:<br>1. Alignment between leadership, delivery, and sales.<br>2. Confidence for clients built on visible oversight.<br>3. Predictable revenue supported by managed risk and verified progress.<br><br>Evidence shared across roles. Priorities made clear. Immediate revenue and lasting confidence.<br><br>Understand the value of AOD. Request your own example. You choose who to include (up to 15 ‘websites / clients, prospects).</p><p>‍</p>",,,,https://cdn.prod.website-files.com/6981bc63d15449fd5f2c293d/6981bc63d15449fd5f2c2af8_small-people.svg,,,,
Billable days – on automatic,billable-days---on-automatic,6981bc63d15449fd5f2c29e9,6981bc63d15449fd5f2c2916,6981bc63d15449fd5f2c2b2c,false,true,Tue Oct 21 2025 16:13:01 GMT+0000 (Coordinated Universal Time),Mon Nov 10 2025 11:44:20 GMT+0000 (Coordinated Universal Time),,Introduction,"“It’s like a radar. It shows us where to act and when to get in touch. That makes us more valuable and more visible, without more work.” just one hour of admin a month thanks to AiSC’s automation",,,,,,https://cdn.prod.website-files.com/6981bc63d15449fd5f2c293d/6981bc63d15449fd5f2c2af7_small-lightning.svg,,,,
CMS Vendors <> Giving to Win,cms-vendors-giving-to-win,6981bc63d15449fd5f2c29e9,6981bc63d15449fd5f2c2916,6981bc63d15449fd5f2c2b37,false,false,Mon Nov 10 2025 11:44:43 GMT+0000 (Coordinated Universal Time),Mon Nov 10 2025 11:54:24 GMT+0000 (Coordinated Universal Time),,,,,,,,,,cms-vendors-giving-to-win,,Blog Post,
"Deploy AI to grow revenue in 7 days and profit in 90, without adding headcount",deploy-ai-to-grow-revenue-in-7-days-and-profit-in-90-without-adding-headcount,6981bc63d15449fd5f2c29e9,6981bc63d15449fd5f2c2916,6981bc63d15449fd5f2c2b82,false,false,Wed Jan 28 2026 14:38:38 GMT+0000 (Coordinated Universal Time),Wed Jan 28 2026 14:45:27 GMT+0000 (Coordinated Universal Time),,i-want-to,"Deploy AI for 8-11% profit uplift in 90 days. No new headcount, no specialist skills. Turn client oversight into predictable revenue.",,,,,,,,,,
Deployment guide (AiSC / AOD,deployment-guide-aisc-aod,6981bc63d15449fd5f2c29e9,6981bc63d15449fd5f2c2916,6981bc63d15449fd5f2c2b3a,false,false,Mon Nov 10 2025 11:45:09 GMT+0000 (Coordinated Universal Time),Mon Nov 10 2025 11:53:00 GMT+0000 (Coordinated Universal Time),,,"Ron was looking for a product for existing market that would deliver steady, repeatable revenue. Something new, without creating extra work, solving a problem. AiSC new revenue today and door opening to new work tomorrow.",2,,,,,,,https://aaanow.aflip.in/Agency_GROWTH_4M_PLAN_AiSC_04AUG25.html,External Link,
Fundamental Background,fundamental-background,6981bc63d15449fd5f2c29e9,6981bc63d15449fd5f2c2916,6981bc63d15449fd5f2c2aa7,false,true,Tue Sep 09 2025 13:09:49 GMT+0000 (Coordinated Universal Time),Mon Nov 10 2025 11:44:20 GMT+0000 (Coordinated Universal Time),,digital-fundamentals,Every organisation is now a digital organisation.,4,"<p id=""""><strong id="""">Every organisation is now a digital organisation.</strong></p><p id="""">The website is no longer just a front door. It is the business. It drives engagement, sales, reputation, recruitment, compliance, and investor confidence.</p><p id="""">Yet in many organisations, there is no clear visibility of how well their online presence is really performing. </p><p id=""""><br>Executives are often given reports that reassure more than they reveal.</p><p id="""">These focus on surface-level wins or checkbox compliance rather than operational reality. This is not about blame. It is a consequence of complexity, fragmented systems, and a reporting culture that avoids highlighting underlying issues. </p><p id="""">As a result, problems remain hidden. Value is lost, risk accumulates, and confidence weakens without anyone realising.</p><blockquote id="""">“For the first time (we believe), automation is moving beyond technical diagnostics to reveal what truly matters for performance, trust, and risk.”</blockquote><p id="""">AI at scale can now pinpoint the website elements that damage user experience, weaken trust, and cut into value.</p><p id=""""><br>As well as identifying what’s costing you money, we’re uncovering content risks that leave organisations unnecessarily exposed - and are silently eroding brand equity.</p><p id="""">‍</p><p id="""">‍</p><p id="""">‍</p><p id=""""><strong id="""">From Tests to Clarity: How Fundamentals Were Built?<br></strong></p><p id="""">This does not mean the other ~ 1,650 checks are ignored. They have been grouped and prioritised intelligently based on real-world outcomes - not technical completeness. </p><p id="""">The aim is not to create a long list of technical faults, but to confirm what genuinely affects value and risk.<br></p><p id="""">We have always focused on substance, not standards for their own sake. What matters is not whether a site passes every test, but whether it performs, builds trust, and avoids unnecessary exposure.</p><p id="""">‍<br></p><p id="""">Our work spans; infrastructure, UX, compliance, carbon impact, and content integrity. But just running tests is not the goal. The goal is knowing which one's matter - and why. That is what we’ve spent the last two decades refining.<br></p><p id="""">First published in 2004, our independent benchmarking framework has been used by public bodies, regulators, insurers, analysts, and major organisations to understand how their websites are performing and where the risks lie.</p><p id="""">‍</p><p id=""""><strong id="""">Why are we the right organisation to define and deliver the measurement of digital fundamentals?<br></strong></p><p id="""">The answer is rooted in scale, depth, and trust.<br></p><p id="""">With over 25 years of direct experience assessing digital performance, we have built one of the most comprehensive data sets in the sector - over 3.7 trillion data points covering every element of digital behaviour, quality, and risk.</p><p id="""">Our technology has been used to run over 1,700 different tests across millions of pages. This has allowed us to observe patterns, compare outcomes, and understand the practical impact of each issue in context. From that foundation, we’ve been able to identify and define the core digital fundamentals - a focused group of around 20 critical &nbsp;/ 30 priority indicators that every web page should confirm are in place.<br></p><p id="""">‍</p><blockquote id="""">”We have been measuring websites longer than almost anyone else”</blockquote><p id="""">‍</p><p id="""">‍</p><p id=""""><strong id="""">Digital fundamentals are the essential building blocks that underpin a healthy online presence. </strong><br></p><p id="""">They are not creative choices or tactical features. They are structural elements that determine whether your digital operations are delivering value, creating risk, or quietly underperforming. Just as organisations rely on financial fundamentals to understand business health, digital fundamentals offer the same for online operations. Without them, everything built on top, from content to campaigns - is less effective, less trustworthy, and more exposed.</p><p id="""">‍</p><blockquote id="""">“No more decoding tech speak. Just results you understand”</blockquote><p id="""">‍</p><p id="""">‍</p><h2 id="""">This matters at the executive level</h2><p id=""""><strong id="""">Executives are not expected to know how websites work at a technical level.</strong><br></p><p id="""">But just as they rely on financial reporting, risk registers, or operational dashboards, they need a way to monitor digital health and performance.</p><p id="""">Without this, three issues persist:.<br></p><ul id=""""><li id=""""><strong id="""">Reputational damage </strong>caused by inaccessibility or outdated content</li><li id=""""><strong id="""">Lost revenue </strong>due to broken journeys, poor visibility, or missed compliance</li><li id=""""><strong id="""">Risk exposure </strong>through privacy violations, hidden vulnerabilities, or poor governance<br></li></ul><p id="""">These are not isolated problems. </p><p id="""">They are well-documented and recurring across sectors. And they can be traced back to one core gap: no clear way to confirm whether the digital fundamentals are in place.</p><p id="""">‍</p>",,Background,,,,,,
Get started with AiSC: what happens in the first 7 days,get-started-with-aisc-what-happens-in-the-first-7-days,6981bc63d15449fd5f2c29e9,6981bc63d15449fd5f2c2916,6981bc63d15449fd5f2c2b8a,false,false,Wed Jan 28 2026 14:42:49 GMT+0000 (Coordinated Universal Time),Wed Jan 28 2026 14:44:43 GMT+0000 (Coordinated Universal Time),,i-want-to,"What is required to begin, what is provided in the first week, and how pricing is set so spend is clear before any commitment.",,,,,,,,,,
Give BDRs target-named outreach that triggers real conversations,give-bdrs-target-named-outreach-that-triggers-real-conversations,6981bc63d15449fd5f2c29e9,6981bc63d15449fd5f2c2916,6981bc63d15449fd5f2c2b88,false,false,Wed Jan 28 2026 14:42:12 GMT+0000 (Coordinated Universal Time),Wed Jan 28 2026 14:45:11 GMT+0000 (Coordinated Universal Time),,i-want-to,Replace generic templates with target-named insight. IN|SITE delivers personalisation in 11 minutes vs 2.5 hours. Improve first-call progression.,,,,,,,,,,
Legislative exposure – yours!,legislative-exposure---yours,6981bc63d15449fd5f2c29e9,6981bc63d15449fd5f2c2916,6981bc63d15449fd5f2c2b2e,false,true,Tue Oct 21 2025 16:13:50 GMT+0000 (Coordinated Universal Time),Mon Nov 10 2025 11:44:20 GMT+0000 (Coordinated Universal Time),,Introduction,"3% of agency executives understand new accessibility laws already impacting clients in key US states. As the UK and EU align, vendor liability becomes automatic.",,"<blockquote id="""">3% of Agency Executives Are Aware of What Comes Next</blockquote><p id="""">How changing accessibility laws are creating automatic liability for agencies and why the window for action is closing.</p><h3 id="""">3% Awareness, 97% Exposure</h3><p id="""">3% of agency executives understand how fast accessibility legislation is changing. Most still believe that accessibility responsibility sits with the client, or that carefully worded terms and conditions protect them from risk. Both assumptions are now wrong.<br><br>Across new and updated regulations, a single idea appears again and again: vendor accountability. Lawmakers have recognised that digital suppliers, not clients, are often the ones making or overstating compliance claims. To address this, the latest laws now include clauses that remove the ability for vendors to hide behind their own terms and conditions. The intent is clear: responsibility cannot be contracted away.<br><br>Agencies, CMS providers, and digital suppliers are becoming ever more accountable, and with new laws legally accountable when clients’ websites or online products fail accessibility requirements. Accessibility has shifted from a design preference to a regulated standard, and that change is already written into law across several key US states. The same model is spreading internationally, from the EEA to Asia-Pacific.</p><h3 id="""">Where the Law Now Sits</h3><p id="""">Accessibility requirements have been part of US procurement policy for decades, but the latest state-level updates explicitly extend responsibility to service providers.</p><div data-rt-embed-type='true'><table>
  <thead>
    <tr>
      <th>Region / Law</th>
      <th>Focus</th>
      <th>Liability Shift</th>
      <th>Source</th>
    </tr>
  </thead>
  <tbody>
    <tr>
      <td>California AB 1757</td>
      <td>Requires WCAG 2.1 AA conformance for websites; presumption of non-compliance when failed.</td>
      <td>Vendors directly liable for inaccessible sites.</td>
      <td>AB 1757 Text / Senate Analysis / DWT Briefing</td>
    </tr>
    <tr>
      <td>Virginia HB 2541</td>
      <td>Defines digital accessibility within ICT procurement.</td>
      <td>Suppliers and agencies both accountable.</td>
      <td>LIS Text / BarrierBreak / Allyant</td>
    </tr>
    <tr>
      <td>New York</td>
      <td>Rulings require accessibility for state and municipal suppliers.</td>
      <td>Vendors responsible for digital discrimination.</td>
      <td>NY State Accessibility</td>
    </tr>
    <tr>
      <td>Colorado Accessibility Law</td>
      <td>Applies to all state/local suppliers delivering digital services.</td>
      <td>Vendors accountable under procurement rules.</td>
      <td>Colorado Law HB21-1110</td>
    </tr>
    <tr>
      <td>European Accessibility Act</td>
      <td>Harmonises accessibility obligations across the EU.</td>
      <td>Shared liability between operators and service providers.</td>
      <td>EEA Overview</td>
    </tr>
    <tr>
      <td>United Kingdom</td>
      <td>Expected to align with EEA within next reform cycle.</td>
      <td>Supplier accountability likely to mirror EU.</td>
      <td>Gov UK Accessibility</td>
    </tr>
    <tr>
      <td>South Korea / Singapore / Australia</td>
      <td>Accessibility tied to procurement standards.</td>
      <td>Vendors must meet WCAG to qualify.</td>
      <td>Microassist Blog</td>
    </tr>
  </tbody>
</table></div><h3 id="""">Why Agencies Are Now in the Firing Line</h3><p id="""">These laws were created because agencies and technology partners have repeatedly over-promised compliance. Clients relied on those claims and were left exposed. The law now treats the supplier as a party to accessibility failure unless that supplier explicitly states that compliance is not included. Even then, such disclaimers offer little protection as contract language rarely overrides civil-rights legislation.</p><h3 id="""">Retrospective Risk</h3><p id="""">While current rules apply to new contracts, legislators are debating how far back accountability can reach. Some discussions propose retrospective enforcement covering prior projects by one, three, or even five years. Class actions are already being discussed where clients share common vendor claims.</p><h3 id="""">The Global Echo</h3><p id="""">The same legislative structure is emerging globally. The European Accessibility Act sets shared liability, the UK is expected to follow, and similar policies are already embedded in Asia-Pacific procurement frameworks. Privacy enforcement is following a similar path, extending accountability to vendors who manage user data.</p><h3 id="""">The Legal Detail Agencies Overlook</h3><p id="""">Terms and conditions that once felt watertight now offer little protection. Accessibility law prioritises user rights. If an agency's work prevents equal access, courts side with the user, not the supplier's contract. The safest route is transparency: make clear whether compliance is provided and prove it where claimed.</p><h3 id="""">Risk, Exposure, and Evidence</h3><p id="""">Accessibility is the first area where supplier liability is tested, but privacy and data control will follow. Risk now sits in proposals, RFPs, and statements of compliance. Agencies must maintain audit trails and evidence to defend their position.</p><h3 id="""">What Agencies Should Do Now</h3><p id="""">1. Audit your exposure and review all contracts mentioning compliance.<br>2. Validate every claim of accessibility.<br>3. Maintain documentation and testing records.<br>4. Align proposal language with deliverable proof.<br>5. Establish continuous oversight and evidence reporting.</p><h3 id="""">How AOD Supports Awareness and Oversight</h3><p id="""">The Agency Opportunity Dashboard (AOD) provides clear visibility of accessibility exposure across client estates. It identifies where compliance has been promised but not verified, and tracks progress over time. AOD acts as both auditing evidence and ongoing oversight, giving agencies the certainty they need.</p><h3 id="""">The Reality</h3><p id="""">Liability is written into law. Ignorance is not a defence. Only 3 % of agencies understand this change, leaving 97 % at risk. Agencies that act now can prepare. Those that wait may face difficult questions about why they did not.</p><h2 id="""">References and Sources</h2><div data-rt-embed-type='true'><table>
  <thead>
    <tr>
      <th>Source Name</th>
      <th>Section</th>
      <th>Link</th>
    </tr>
  </thead>
  <tbody>
    <tr>
      <td data-label=""Source Name"">Converge Accessibility – Legal Update Sept 2025</td>
      <td data-label=""Section"">Evidence and Credibility / Laws Table</td>
      <td data-label=""Link""><a href=""https://convergeaccessibility.com/2025/09/29/legal-update-september-2025/"" target=""_blank"">convergeaccessibility.com/2025/09/29/legal-update-september-2025/</a></td>
    </tr>
    <tr>
      <td data-label=""Source Name"">Converge Accessibility Blog</td>
      <td data-label=""Section"">Evidence and Credibility</td>
      <td data-label=""Link""><a href=""https://convergeaccessibility.com/blog/"" target=""_blank"">convergeaccessibility.com/blog/</a></td>
    </tr>
    <tr>
      <td data-label=""Source Name"">Microassist – Jack McElaney Blog Posts</td>
      <td data-label=""Section"">Evidence and Credibility / Global Echo / Risk and Exposure</td>
      <td data-label=""Link""><a href=""https://www.microassist.com/author/jmcelaney/"" target=""_blank"">microassist.com/author/jmcelaney/</a></td>
    </tr>
    <tr>
      <td data-label=""Source Name"">California AB 1757 Text (Legiscan)</td>
      <td data-label=""Section"">Laws Table</td>
      <td data-label=""Link""><a href=""https://legiscan.com/CA/text/AB1757/id/2837347"" target=""_blank"">legiscan.com/CA/text/AB1757/id/2837347</a></td>
    </tr>
    <tr>
      <td data-label=""Source Name"">CA Senate Judiciary Analysis</td>
      <td data-label=""Section"">Laws Table</td>
      <td data-label=""Link""><a href=""https://sjud.senate.ca.gov/sites/sjud.senate.ca.gov/files/ab_1757_sjud_analysis.pdf"" target=""_blank"">sjud.senate.ca.gov/files/ab_1757_sjud_analysis.pdf</a></td>
    </tr>
    <tr>
      <td data-label=""Source Name"">DWT Briefing on AB 1757</td>
      <td data-label=""Section"">Laws Table</td>
      <td data-label=""Link""><a href=""https://www.dwt.com/blogs/broadband-advisor/2023/08/california-website-accessibility-liability-ab-1757"" target=""_blank"">dwt.com/blogs/broadband-advisor/2023/08/california-website-accessibility-liability-ab-1757</a></td>
    </tr>
    <tr>
      <td data-label=""Source Name"">Virginia HB 2541 Text (LIS)</td>
      <td data-label=""Section"">Laws Table</td>
      <td data-label=""Link""><a href=""https://lis.virginia.gov/bill-details/20251/HB2541/text/HB2541"" target=""_blank"">lis.virginia.gov/bill-details/20251/HB2541/text/HB2541</a></td>
    </tr>
    <tr>
      <td data-label=""Source Name"">BarrierBreak Commentary on HB 2541</td>
      <td data-label=""Section"">Laws Table</td>
      <td data-label=""Link""><a href=""https://www.barrierbreak.com/virginias-hb2541-a-landmark-in-digital-accessibility-and-inclusive-procurement/"" target=""_blank"">barrierbreak.com/virginias-hb2541-a-landmark-in-digital-accessibility-and-inclusive-procurement/</a></td>
    </tr>
    <tr>
      <td data-label=""Source Name"">Allyant Article on HB 2541</td>
      <td data-label=""Section"">Laws Table / Expert Quotes</td>
      <td data-label=""Link""><a href=""https://allyant.com/blog/virginia-passes-hb2541-a-milestone-achievement-for-accessible-procurement/"" target=""_blank"">allyant.com/blog/virginia-passes-hb2541-a-milestone-achievement-for-accessible-procurement/</a></td>
    </tr>
    <tr>
      <td data-label=""Source Name"">New York State Gov Accessibility Standards</td>
      <td data-label=""Section"">Laws Table</td>
      <td data-label=""Link""><a href=""https://its.ny.gov/web-standard-accessibility"" target=""_blank"">its.ny.gov/web-standard-accessibility</a></td>
    </tr>
    <tr>
      <td data-label=""Source Name"">Colorado HB21-1110 Digital Accessibility Law</td>
      <td data-label=""Section"">Laws Table</td>
      <td data-label=""Link""><a href=""https://leg.colorado.gov/bills/hb21-1110"" target=""_blank"">leg.colorado.gov/bills/hb21-1110</a></td>
    </tr>
    <tr>
      <td data-label=""Source Name"">European Accessibility Act Overview</td>
      <td data-label=""Section"">Laws Table</td>
      <td data-label=""Link""><a href=""https://commission.europa.eu/accessibility-act_en"" target=""_blank"">commission.europa.eu/accessibility-act_en</a></td>
    </tr>
    <tr>
      <td data-label=""Source Name"">Gov UK Accessibility Requirements</td>
      <td data-label=""Section"">Laws Table</td>
      <td data-label=""Link""><a href=""https://www.gov.uk/guidance/accessibility-requirements-for-public-sector-websites-and-apps"" target=""_blank"">gov.uk/guidance/accessibility-requirements-for-public-sector-websites-and-apps</a></td>
    </tr>
  </tbody>
</table></div>",,,,https://cdn.prod.website-files.com/6981bc63d15449fd5f2c293d/6981bc63d15449fd5f2c2afa_small-document.svg,,,,
Live in a week <> ROI in 3 ,live-in-a-week-roi-in-3,6981bc63d15449fd5f2c29e9,6981bc63d15449fd5f2c2916,6981bc63d15449fd5f2c2b36,false,false,Mon Nov 10 2025 11:44:34 GMT+0000 (Coordinated Universal Time),Mon Nov 10 2025 12:12:05 GMT+0000 (Coordinated Universal Time),,,,,,,,,,live-in-a-week-roi-in-3,,Blog Post,
Our credentials doc  ,our-credentials-doc,6981bc63d15449fd5f2c29e9,6981bc63d15449fd5f2c2916,6981bc63d15449fd5f2c2b38,false,false,Mon Nov 10 2025 11:44:55 GMT+0000 (Coordinated Universal Time),Mon Nov 10 2025 11:57:22 GMT+0000 (Coordinated Universal Time),,,,4,,,,,,,https://aaatraq.aflip.in/Agency_Credits_AiSC_06JUN25.html,External Link,
"Secure boardroom access and keep it, with evidence that sustains influence",secure-boardroom-access-and-keep-it-with-evidence-that-sustains-influence,6981bc63d15449fd5f2c29e9,6981bc63d15449fd5f2c2916,6981bc63d15449fd5f2c2b85,false,false,Wed Jan 28 2026 14:40:57 GMT+0000 (Coordinated Universal Time),Wed Jan 28 2026 15:40:01 GMT+0000 (Coordinated Universal Time),,i-want-to,"Earn senior stakeholder time with evidence-led scorecards. Show where the organisation stands online, sustain influence with clarity that lasts.",,,,,,,,,,
The value in losing a pitch,the-value-in-losing-a-pitch,6981bc63d15449fd5f2c29e9,6981bc63d15449fd5f2c2916,6981bc63d15449fd5f2c2b28,false,true,Tue Oct 21 2025 14:20:43 GMT+0000 (Coordinated Universal Time),Mon Nov 10 2025 11:44:20 GMT+0000 (Coordinated Universal Time),,Introduction,"Yes really…. AiSC shows where the new incumbent performance is failing, which is worth $40,000 in 30 days and 3-year contract delivering six figure revenues.",2,,,,,https://cdn.prod.website-files.com/6981bc63d15449fd5f2c293d/6981bc63d15449fd5f2c2af9_small-shield.svg,,,,
Understanding ‘the fundamentals’,understanding-the-fundamentals,6981bc63d15449fd5f2c29e9,6981bc63d15449fd5f2c2916,6981bc63d15449fd5f2c2b3b,false,false,Mon Nov 10 2025 11:45:17 GMT+0000 (Coordinated Universal Time),Mon Nov 10 2025 12:10:14 GMT+0000 (Coordinated Universal Time),,,"“It’s like a radar. It shows us where to act and when to get in touch. That makes us more valuable and more visible, without more work.” just one hour of admin a month thanks to AiSC’s automation",1,,,,,,understanding-the-fundamentals,,Blog Post,
V500 - Opportunity in a box,v500---opportunity-in-a-box,6981bc63d15449fd5f2c29e9,6981bc63d15449fd5f2c2916,6981bc63d15449fd5f2c2b39,false,false,Mon Nov 10 2025 11:45:02 GMT+0000 (Coordinated Universal Time),Mon Nov 10 2025 11:53:17 GMT+0000 (Coordinated Universal Time),,,,3,,,,,,,https://youtu.be/rrJIz-RVbGc,External Link,
